staff_id,Staff_Name,Staff_Email,StaffPerformanceRating
1,John Bridges,pdavidson@example.com,Poor
2,Sarah Bentley,ajohnson@example.net,Average
3,Connie Cervantes,michele29@example.net,Excellent
4,Jessica Stewart,xwilson@example.org,Poor
5,Cheryl Carpenter,christine96@example.org,Good
6,Jessica Coleman,sandra03@example.org,Poor
7,Kelly Johnston,edwardsaaron@example.org,Excellent
8,Rebecca George,michaelperez@example.org,Average
9,Sara Aguilar,nicholasmullins@example.org,Poor
10,Michelle Pace,freemanjose@example.com,Average
11,Nicole Kane DDS,jlopez@example.net,Good
12,Edgar White,laura24@example.org,Poor
13,Jacob Schroeder,bescobar@example.com,Poor
14,Chad Patterson,byrderic@example.net,Good
15,Donna Weiss,zreynolds@example.com,Good
16,Amy Lopez,matthewpotter@example.net,Good
17,Ryan Carter,cartertyler@example.org,Excellent
18,Kenneth Gonzalez,jon97@example.net,Excellent
19,John James,fernandezheather@example.net,Poor
20,Brent Parker,Unknown,Poor
21,Jacob Medina,rebeccabrown@example.com,Poor
22,Blake Ramirez,Unknown,Average
23,Barbara Campbell,wjohnson@example.com,Good
24,Mary Mcgee,victoria48@example.com,Poor
25,Kenneth Vega,jwang@example.com,Good
26,Jonathan Bell,Unknown,Excellent
27,Phyllis Herman,Unknown,Good
28,Bryan Beck,michael85@example.net,Average
29,Richard Stevenson,blackeugene@example.com,Average
30,Timothy Dillon,omurray@example.com,Good
31,Dr. John Guzman Jr.,allison40@example.com,Average
32,Tony Martinez,dwayne45@example.org,Average
33,Christine Vargas,tracy79@example.net,Excellent
34,Emily Williams,allenbradley@example.org,Poor
35,Jackie Johnson,Unknown,Average
36,Cassandra Mitchell,jeff80@example.org,Poor
37,Laura White,aaronschneider@example.net,Good
38,Courtney Gates,tarahamilton@example.net,Good
39,Diana Sanders,sweeneycorey@example.net,Average
40,Michelle Ramirez,tyronecooke@example.org,Good
41,Rebecca Barnes,mberg@example.org,Excellent
42,Emma Keller,jenniferwoodward@example.com,Average
43,Angela Roman,kimberlyharrington@example.com,Average
44,Bryce Bernard,washingtonashley@example.com,Average
45,Jerry Collins DDS,michellepeterson@example.com,Good
46,Cynthia Carrillo,johnsonjohn@example.net,Good
47,Scott Moss,scalhoun@example.com,Average
48,Tammy Flores,todd17@example.org,Poor
49,Christine Nunez,ocantu@example.com,Good
50,John Martin,michael70@example.org,Good
51,Phillip Hernandez,Unknown,Average
52,Leslie Stone,terrysean@example.net,Poor
53,Jason Eaton,qgriffin@example.org,Average
54,Sheila Williams,Unknown,Good
55,Jonathan Johnson,andrew87@example.net,Average
56,Alexandra Wilson,heatherchang@example.net,Average
57,John Fowler,hallstephanie@example.org,Average
58,Scott Jimenez,luceroscott@example.org,Poor
59,Bethany Hudson,jonathan04@example.com,Average
60,Holly Lara,wrightkelly@example.net,Good
61,Tanya Kane,blevinstravis@example.net,Average
62,Alexander Anderson,jamesedwards@example.com,Poor
63,Jennifer Harrison,nlee@example.com,Excellent
64,Keith Briggs,william16@example.net,Poor
65,Brandon Dunn,sriddle@example.net,Average
66,Catherine Johnson,tmason@example.org,Excellent
67,Kimberly Russell,jennifer08@example.net,Average
68,Travis Hogan,Unknown,Poor
69,Wesley Christian,judithvega@example.org,Excellent
70,Sarah Greer,lindajohnson@example.org,Excellent
71,Jason Baker,lindseygarner@example.org,Average
72,Andrea Green,michaela48@example.org,Average
73,Todd Williams,amanda40@example.net,Poor
74,Sara Ferguson,marcus87@example.com,Average
75,Breanna Bowen,bcarter@example.net,Excellent
76,Denise Nichols,Unknown,Good
77,Kyle Gutierrez,coxconnie@example.net,Good
78,Amanda Jones,cynthiacarson@example.com,Poor
79,Laura Smith,jenniferpeterson@example.org,Average
80,Jessica Booth,michellecannon@example.net,Poor
81,Justin Lambert,vlucas@example.net,Good
82,Kendra Olson,melissa72@example.com,Good
83,Laurie Young,frankbarton@example.org,Average
84,Amy Roberts,Unknown,Excellent
85,Sheri Mathews,heather17@example.com,Average
86,Melissa Keller,matthew41@example.org,Good
87,Megan Snyder,ujones@example.net,Excellent
88,Brittany Tapia,jasmine20@example.net,Poor
89,Dr. Stacy Johnson,ethanjohnson@example.net,Good
90,Travis Williams,sarahedwards@example.com,Poor
91,Jeffrey Wagner,uclark@example.com,Excellent
92,Elizabeth Gregory,owensdanny@example.com,Poor
93,Lonnie Galvan,james65@example.com,Good
94,Elizabeth Foster,Unknown,Average
95,Natalie Webb,burtonscott@example.com,Poor
96,Robin Ferguson,eortiz@example.com,Good
97,Tracie Myers,douglas41@example.com,Good
98,Catherine Williams,sarahfrench@example.org,Excellent
99,Jonathon Dixon,jasminebecker@example.org,Good
100,Mrs. Nicole White,monica44@example.org,Average
101,Elizabeth Mueller,nathan75@example.net,Average
102,Jonathon Owens,Unknown,Poor
103,Jonathan Shelton,devin36@example.org,Poor
104,Andrew Brewer,seanpatrick@example.net,Poor
105,Alex Sharp,mary60@example.org,Poor
106,Tina Allen,omoreno@example.org,Average
107,Kimberly Cervantes,sherrymurillo@example.org,Excellent
108,Michael Anderson,ruben97@example.net,Poor
109,Sonya Castillo,zmccarthy@example.org,Excellent
110,Traci Stanton,gravesgina@example.org,Good
111,Christopher Wilson,cjackson@example.com,Good
112,Mackenzie Watson,omarquez@example.net,Poor
113,Heather Davis,kristi56@example.net,Good
114,Richard Green,nancygarcia@example.net,Excellent
115,Megan Brown,hollygrant@example.org,Excellent
116,Ashley Vargas,christopher61@example.net,Good
117,Justin Spencer,jeremy29@example.net,Poor
118,Paul Fowler,whitney54@example.net,Excellent
119,Crystal Perez,Unknown,Excellent
120,Jose Baker,bettyclarke@example.org,Average
121,Kenneth King,perezjennifer@example.org,Poor
122,Marcia Tyler,langdavid@example.org,Average
123,Robert Williams,davidharrison@example.net,Good
124,Brenda Wiley,gail60@example.org,Good
125,Jason Ingram,robertwilliams@example.net,Average
126,Matthew Watson,marcusdavis@example.org,Poor
127,Michael Smith,Unknown,Excellent
128,Brandon Arellano,omar13@example.org,Good
129,Cynthia Rogers,vsavage@example.org,Poor
130,Christopher Smith,scott68@example.org,Poor
131,Michael Bell,Unknown,Good
132,Robert Williamson,william87@example.com,Good
133,Sarah Durham,michaeldavis@example.com,Poor
134,Anita Fisher,walter45@example.net,Excellent
135,Kimberly Hampton,nathan00@example.com,Average
136,Susan Davis,molly10@example.net,Good
137,Kathleen Ingram,ryan67@example.org,Average
138,Kelly Li,lance69@example.net,Poor
139,Marcus Nelson,ryanreed@example.com,Average
140,Beth Smith,tracy19@example.net,Excellent
141,Diana Franklin,cynthia19@example.net,Poor
142,Sean Lang,terri18@example.org,Excellent
143,Thomas Padilla,garciajustin@example.org,Poor
144,Lisa Chen,carterpatrick@example.org,Excellent
145,Ashley Wyatt,kari69@example.org,Poor
146,Nicholas Williams,vmathews@example.org,Excellent
147,Harry House,rogerslarry@example.com,Poor
148,Jacob Dixon,huangsusan@example.org,Excellent
149,Raymond Green,cohenmelvin@example.com,Poor
150,Lisa Dawson,Unknown,Excellent
151,Stephen Smith,nicolehall@example.net,Good
152,Elijah Lam,Unknown,Average
153,Jacqueline Blackwell,danielle75@example.net,Poor
154,Darlene Martin,bryanjohnson@example.org,Excellent
155,Gerald Wolf,Unknown,Good
156,Lynn Mcclain,ysuarez@example.net,Poor
157,Samantha Marshall,qbenton@example.org,Poor
158,Ian Thomas DDS,paul82@example.com,Poor
159,Melissa Hernandez,icarroll@example.net,Average
160,Michael Robinson,nowens@example.com,Excellent
161,Christopher Anderson,ymcintosh@example.net,Excellent
162,Emma Mercado,Unknown,Poor
163,Anthony Perez,robert23@example.net,Poor
164,Brian Luna,rbaxter@example.net,Poor
165,Whitney Gonzalez MD,christophergarcia@example.org,Good
166,Kevin Andrews,tferguson@example.net,Poor
167,Larry Olsen,wpayne@example.org,Average
168,Charles Michael,afernandez@example.net,Excellent
169,Barbara Freeman,schroedershannon@example.net,Average
170,Laura Andrews,andrew02@example.net,Poor
171,Dustin Love MD,ycarey@example.org,Good
172,Barry Trujillo,smithzachary@example.net,Poor
173,Michael Miller,tanyagill@example.net,Poor
174,Linda Sanders,morrisjohn@example.net,Poor
175,Craig Doyle,hoffmanpaul@example.net,Poor
176,Susan Chambers,jessicachambers@example.net,Poor
177,Valerie Barber,carolyngross@example.org,Excellent
178,Sean Williams,justinlopez@example.com,Average
179,Jason Taylor,shaffersteven@example.net,Good
180,Randy Brown,qdavis@example.net,Poor
181,David Solomon Jr.,Unknown,Good
182,Scott Small,vkaufman@example.com,Excellent
183,Peter Knight,Unknown,Average
184,Ethan Carlson,janet60@example.org,Poor
185,Jeremy Watts,browndaniel@example.com,Excellent
186,Erik Hunt,coxsteven@example.org,Excellent
187,Melissa Medina,oross@example.com,Average
188,Richard Perkins,lisa11@example.org,Poor
189,Patricia Ibarra,Unknown,Average
190,Robert Anderson,sarahpham@example.com,Average
191,Kimberly Johns,jonesbrandon@example.net,Good
192,Fernando Taylor,ballcristina@example.org,Good
193,Lawrence Martin,hardinjames@example.net,Average
194,Christopher Gray,vbailey@example.org,Good
195,Danielle Schneider,regina05@example.org,Excellent
196,Timothy Smith,kingjeffrey@example.net,Average
197,Nicole Moore,williamsdana@example.org,Poor
198,John Patel,kfritz@example.org,Poor
199,Kevin Bird,taylormichael@example.org,Excellent
200,James Norton,krobinson@example.org,Poor
201,Raymond Hansen,Unknown,Poor
202,Michelle Davis,james57@example.com,Average
203,Joseph White,pshelton@example.com,Excellent
204,Michelle Hill,phamchristina@example.org,Average
205,Nicholas Barry,destiny57@example.net,Excellent
206,Derek Jennings,michael86@example.org,Average
207,Ryan Jackson,ethantrevino@example.net,Average
208,Ashley Russell,Unknown,Good
209,Charles Clark,jonathantran@example.com,Poor
210,Darren Porter,Unknown,Excellent
211,Mr. Benjamin Jordan,stuarthurst@example.org,Poor
212,Carol Valdez,cwilson@example.com,Good
213,George Dean,jennifermay@example.net,Excellent
214,Kimberly King,hhill@example.org,Good
215,Kristen Fox,virginia79@example.net,Poor
216,Adam Martinez,jennifer40@example.org,Average
217,Monica Jones,erincraig@example.org,Good
218,Christian Wang,michaelmartinez@example.com,Good
219,Amy Campbell,emilyhill@example.net,Average
220,Cathy Salinas,Unknown,Poor
221,Ashley Howell,ginahodges@example.net,Good
222,Matthew Nichols,Unknown,Poor
223,Angela Copeland,rebeccariley@example.com,Average
224,Nicole Moore,greenangela@example.com,Excellent
225,Steven Jacobs,amanda65@example.org,Good
226,Madison Montgomery,danielle66@example.org,Poor
227,Micheal Campbell,xhodges@example.com,Average
228,Jacqueline House,april69@example.org,Average
229,Michelle Thomas,Unknown,Good
230,Amber Roberson,jeff47@example.net,Excellent
231,Justin Morales,Unknown,Good
232,Sierra Sims,steventhompson@example.com,Poor
233,Sherry Stephens,ahensley@example.net,Average
234,Patricia Leon,wporter@example.org,Excellent
235,Heather Erickson,Unknown,Poor
236,James Valenzuela,dbutler@example.net,Good
237,Mrs. Deborah Cline,catherine58@example.org,Average
238,Steven Davis,estradaeric@example.net,Good
239,Jack Munoz,wpeterson@example.com,Excellent
240,Glenn Scott,brandon73@example.net,Excellent
241,Michael Miller,robertnavarro@example.net,Excellent
242,Cheryl Davis,cbranch@example.net,Excellent
243,Taylor Allen,todd01@example.com,Excellent
244,Richard Smith,tamaraanderson@example.net,Good
245,Michelle Rush,lejohn@example.org,Excellent
246,John Brown,andersontyler@example.net,Excellent
247,Chad Warren,lunajessica@example.org,Average
248,Jill Chase,jade69@example.org,Excellent
249,Richard Fisher,ericdean@example.net,Average
250,Tyler Harvey,simpsonmorgan@example.net,Average
251,Robert Gutierrez,darrell09@example.net,Average
252,Emily Shah,stephensondennis@example.net,Good
253,Steven Powers,gabriela28@example.com,Good
254,Cristian Buckley,elizabethbolton@example.com,Poor
255,Hayden Graves,bthompson@example.org,Poor
256,Randy Robbins,john14@example.net,Average
257,Adam Livingston,gregorygray@example.org,Good
258,Alexander Harper,michelle86@example.net,Excellent
259,Kyle Clark,drewmurphy@example.org,Poor
260,Mrs. Rhonda James,cooperanthony@example.org,Good
261,Russell Fletcher,joyce53@example.net,Excellent
262,Taylor Morales,joanna04@example.org,Excellent
263,Brittany Rodriguez,kevin41@example.net,Good
264,Sandra Aguilar,maryhunt@example.net,Poor
265,Jason Montgomery,riosmark@example.net,Good
266,Jennifer Reyes,rsims@example.net,Poor
267,Whitney Thomas,matthewdaugherty@example.net,Average
268,James Lopez,rfloyd@example.net,Good
269,Kristina Wong,johnbaker@example.net,Good
270,Jennifer Bauer,alicia79@example.com,Poor
271,Jessica Clark,matthew13@example.net,Poor
272,Julie Deleon,tboone@example.net,Good
273,Frederick Harris,zallen@example.net,Excellent
274,Sean Hawkins,andrew85@example.net,Excellent
275,Lawrence Evans,allenjessica@example.org,Excellent
276,Eric Robinson,Unknown,Average
277,Aaron Martinez,kara88@example.com,Average
278,Miss Brittany Gilbert,Unknown,Poor
279,Tim Vega,steven19@example.net,Average
280,Christopher Wallace,shopkins@example.net,Excellent
281,Amber Park,shelia95@example.org,Good
282,Alexander Andrews,bennettmegan@example.net,Average
283,Dennis Carter,ashleyhunt@example.net,Average
284,Tasha Huang,ohunter@example.com,Excellent
285,Kevin Shaw,Unknown,Average
286,William Odonnell,Unknown,Poor
287,Mark Moreno,wreid@example.net,Good
288,David Young,brandoncontreras@example.org,Excellent
289,Jack Martinez,hturner@example.com,Poor
290,Justin Johnson,breweralyssa@example.net,Excellent
291,Paul Sanchez,ugilbert@example.net,Poor
292,Luis Smith,linda77@example.org,Good
293,Willie Alvarado,istewart@example.com,Good
294,Stacy Roberts,william61@example.net,Poor
295,Lynn White MD,scottedward@example.net,Poor
296,Christine Adams,colleenbeard@example.com,Poor
297,Meghan Robinson,beth67@example.com,Poor
298,Darrell Little,jennifer92@example.org,Poor
299,Matthew Duncan,uwalker@example.net,Poor
300,Amber Farley,brittneyowens@example.net,Good
301,Jennifer Weaver,kiddjason@example.com,Poor
302,Molly Taylor,garrettjohnson@example.org,Average
303,Steven Rivera,zmahoney@example.org,Good
304,Heidi Henry,Unknown,Excellent
305,Joseph Mays,nealandrew@example.net,Good
306,Charles Richardson,vreese@example.com,Excellent
307,Scott Miller,jonesmichelle@example.net,Excellent
308,Benjamin Peterson,vwilliams@example.com,Average
309,Mikayla Olsen,sarah79@example.org,Poor
310,Sonia Hernandez,Unknown,Poor
311,Kathleen Johnson,larsonjames@example.com,Good
312,Kimberly Patton,kellererin@example.org,Poor
313,Amy Hawkins,steinkara@example.org,Average
314,Judy Williamson,Unknown,Good
315,Patrick Oconnell,mary87@example.com,Good
316,Nancy Pittman,dbradley@example.org,Good
317,Christine Howell,josephmoore@example.org,Poor
318,Jean Morris,gonzalezstacy@example.net,Poor
319,Kenneth Fisher,mollybarton@example.org,Poor
320,James Vazquez,kelly16@example.org,Good
321,Bethany Edwards,ewiley@example.org,Good
322,Pamela Thomas,antonio54@example.com,Excellent
323,Eric Schneider,Unknown,Excellent
324,Alexander Adams,larryunderwood@example.net,Poor
325,Sophia Greer,courtneyhodges@example.net,Good
326,Michael Day,marc37@example.com,Poor
327,David Lucas,valerie37@example.org,Poor
328,Matthew Harris,watsondeanna@example.com,Excellent
329,Michael Frederick,fosterrussell@example.net,Average
330,Todd Turner,johnsonjoshua@example.com,Poor
331,Adam Burgess,villarrealryan@example.net,Average
332,John Hall,staffordmatthew@example.com,Average
333,Jimmy Andrews,webstermichelle@example.com,Good
334,Samantha Scott,katiewilson@example.org,Good
335,Anthony Steele,lloydanthony@example.org,Poor
336,David Norris,callahanmakayla@example.org,Excellent
337,Tom Smith,pellis@example.org,Excellent
338,Michelle Allison,Unknown,Poor
339,Nicole Gomez,mccartyemily@example.net,Poor
340,Jennifer Dillon,pauleverett@example.com,Excellent
341,Christina Ortega,rwalker@example.com,Average
342,Brian Mcfarland,michael06@example.org,Poor
343,John Evans,shawruben@example.net,Average
344,Regina Simmons,victoria28@example.net,Poor
345,Taylor Lee,harrisonchristopher@example.com,Poor
346,Matthew Richmond,edwin47@example.net,Average
347,Cassandra Johnson,william06@example.com,Average
348,Robert Vaughn,shannonpeters@example.net,Excellent
349,Travis Snow,eturner@example.org,Poor
350,Benjamin Mueller,wesleygarcia@example.org,Good
351,Patrick Navarro,jason36@example.org,Good
352,Robert Graves,bethmelton@example.net,Poor
353,Wesley Harris,jacquelineduke@example.org,Poor
354,Christine Lee,meganbarnett@example.com,Poor
355,James Davis,Unknown,Average
356,Bobby Gomez,stonechristina@example.net,Good
357,Robert King,mathewsmelissa@example.org,Good
358,Melissa Smith,hallheather@example.net,Good
359,Lisa Golden,molly53@example.net,Poor
360,Ashley Torres MD,amybailey@example.com,Average
361,Diana Cooper,johnsonchristopher@example.com,Poor
362,Donald Foster,daniellarson@example.org,Excellent
363,Joy Jackson,riverajessica@example.net,Excellent
364,Kelly Hansen,imullen@example.com,Good
365,Susan Hernandez,emmagutierrez@example.com,Poor
366,Amanda Roth,brianwhite@example.com,Excellent
367,Joy Mitchell,thomas10@example.org,Excellent
368,David Taylor,adam04@example.com,Poor
369,Kayla Williams,cartersarah@example.net,Average
370,Mark Stanton,coreybarrett@example.net,Poor
371,Barbara Nguyen,emily14@example.org,Poor
372,Paul Burch,clinton99@example.net,Average
373,Bryan Sanchez,nkhan@example.com,Good
374,Michael Cook,jamieparsons@example.com,Good
375,Brian Perez,Unknown,Good
376,Timothy Williams,stevenskathleen@example.com,Average
377,Rebecca Smith,Unknown,Excellent
378,Mr. John Jackson,sharpbrett@example.net,Average
379,Haley Singh,lmoore@example.com,Poor
380,Wendy Douglas,fuentesrichard@example.net,Average
381,Michaela Hicks,Unknown,Excellent
382,Tina Gonzalez,duane00@example.net,Excellent
383,David Warren,brenda34@example.org,Poor
384,Anita Cunningham,psmall@example.net,Good
385,Hannah Armstrong,Unknown,Excellent
386,Sarah Mcdaniel,mhansen@example.net,Excellent
387,Samuel Martinez,thomasstacy@example.org,Excellent
388,Ethan Jones,duane22@example.com,Poor
389,Veronica Wilson,sean26@example.com,Excellent
390,Derek Garcia,Unknown,Good
391,Andrew Jennings,ohernandez@example.net,Poor
392,Heather Nguyen,khutchinson@example.org,Good
393,Cory Summers,rpierce@example.net,Excellent
394,Kevin Combs,Unknown,Excellent
395,Jacqueline Hill,mmorgan@example.net,Good
396,Laurie Pena,xjoyce@example.net,Poor
397,Rebecca Martinez,david18@example.com,Poor
398,Richard Bright,michael65@example.com,Good
399,Robert Ritter,castroerica@example.org,Excellent
400,Karla Horton,roberto43@example.net,Average
401,Laura Miller,halljames@example.com,Good
402,Terry Stewart,julie97@example.net,Good
403,Kimberly Lambert,mario29@example.org,Good
404,Alexa Jones PhD,tammy78@example.com,Excellent
405,Brandon Smith,ruizsteven@example.net,Poor
406,Brandon Barton,millerdanny@example.org,Excellent
407,Keith Hernandez,madams@example.com,Good
408,Billy Mullins,rreynolds@example.net,Excellent
409,Garrett Stone,lwilliamson@example.net,Excellent
410,Maria Robinson,hcamacho@example.com,Good
411,Mary Jackson,kylesanchez@example.org,Excellent
412,Susan Andrews,garyrobinson@example.net,Average
413,David Wilson,isaacortega@example.com,Excellent
414,Michelle Foster,bridgesheather@example.net,Excellent
415,Janet Mcgrath,lwilson@example.net,Poor
416,Andrew Williams,Unknown,Poor
417,Luis Lin,rosalesbrian@example.org,Good
418,Jacqueline Smith DVM,anthony63@example.net,Good
419,Sheila Collins,katherine53@example.org,Poor
420,Leslie Duncan,vcoleman@example.org,Average
421,Mariah Smith,roblesdaniel@example.com,Excellent
422,Tammy Cox,tammy05@example.com,Average
423,Joann Lucero,kathy24@example.com,Average
424,Brian Zuniga,davidsonsteven@example.org,Poor
425,Travis Garcia,ritterkatie@example.net,Good
426,Benjamin Williams,cwhite@example.com,Excellent
427,Justin Nelson,cassandraodonnell@example.com,Good
428,Mr. Samuel Hernandez,dchambers@example.org,Average
429,Randy Tran,yhernandez@example.com,Average
430,David Gomez,tylerwright@example.com,Good
431,Kimberly Brown,Unknown,Good
432,Maria Roberson,michelemccoy@example.net,Poor
433,Charlotte Smith,gibsonsophia@example.net,Good
434,Juan Mitchell,evansamanda@example.net,Good
435,Jacob George,Unknown,Poor
436,Regina Jones,Unknown,Good
437,Arthur Lawson,whiteelizabeth@example.net,Average
438,Alison Parsons,maria86@example.com,Good
439,Rachel Lopez,jallen@example.org,Excellent
440,Miranda Hutchinson,lucaskevin@example.com,Average
441,Lisa Ruiz,johnsonmichael@example.com,Poor
442,Andre Cervantes,cvaughn@example.com,Average
443,Larry Foster,williamwells@example.net,Poor
444,Tyler Castillo,meganmunoz@example.net,Excellent
445,Christian Avila,Unknown,Excellent
446,Kaitlin Moses DDS,caldwellronald@example.net,Average
447,Alejandra Fischer,xball@example.net,Good
448,Ronald Wilson,yclarke@example.net,Average
449,John Gibson,osmith@example.net,Average
450,Steven Gordon,richardwalker@example.org,Excellent
451,Karl Malone,tonya15@example.com,Poor
452,Jessica Galvan,lisacraig@example.net,Average
453,Amy Ward,qwheeler@example.net,Good
454,Michelle Hunter,njohnson@example.org,Excellent
455,Mike Burton,tyler32@example.com,Average
456,Darrell Hernandez,lewisrenee@example.net,Average
457,Richard Rogers,jennifer03@example.net,Good
458,Jeffrey Wise,jordanelizabeth@example.org,Average
459,Michelle Mendoza,jennifer50@example.net,Average
460,Robert Manning,sandrastewart@example.com,Average
461,Christopher Harding,rangelmatthew@example.com,Average
462,Andrew Taylor,mary65@example.net,Good
463,Michael Reilly,benjamin41@example.org,Average
464,Gabrielle Barnes,jbrooks@example.org,Average
465,Katherine Mccarthy,kathryn56@example.net,Average
466,Margaret Ortiz,perezjennifer@example.net,Excellent
467,Joshua Young,teresaromero@example.org,Good
468,Clifford Perez,ramirezethan@example.net,Excellent
469,Christina Gonzales,wfarrell@example.org,Excellent
470,Justin Boyd,zstewart@example.org,Good
471,Brandon Kirby,Unknown,Excellent
472,Rebecca Bean,donaldsmith@example.org,Excellent
473,Jennifer Stark,Unknown,Excellent
474,Jose Rosales,kristenwilkerson@example.net,Good
475,Michael Smith,jacob88@example.com,Average
476,Brent Andersen,dwilliams@example.net,Poor
477,Tina Brown,lpacheco@example.org,Poor
478,Jessica Mckee,jtaylor@example.net,Good
479,Bryan Craig,seanmurphy@example.com,Poor
480,Lisa Garner,fpowell@example.com,Good
481,Jacob Hart,virginiaparker@example.org,Good
482,Bryan Miller,msimmons@example.com,Poor
483,Aaron Richardson,kaitlynhaley@example.com,Excellent
484,David Brown,turnerlydia@example.org,Average
485,Peter Orozco,christopher67@example.org,Poor
486,Jose Taylor,david68@example.org,Poor
487,Makayla Morgan,rayjames@example.com,Poor
488,Joy Rivera,hflores@example.net,Poor
489,Lynn Rodriguez,nathaniel99@example.com,Good
490,Daniel Lee,katherinepalmer@example.org,Good
491,Steven Jones,howelladam@example.com,Average
492,Joseph Whitaker,carpenteramanda@example.com,Average
493,Jackie Gonzalez,edwardsalyssa@example.org,Poor
494,Joseph Wilson,stephen06@example.net,Poor
495,Tracy Walker,duffyjohnny@example.com,Poor
496,Sarah Smith,steven17@example.com,Average
497,Kimberly Garcia,jenniferreed@example.net,Poor
498,Mr. William Garrison DDS,ricesarah@example.com,Excellent
499,Daniel Christian,hendricksshane@example.org,Average
500,Laura Walters,brittany97@example.org,Excellent
501,Thomas Mason,williamrivas@example.org,Poor
502,Amy Lowery,Unknown,Good
503,Stacey Mckenzie,wilsonbenjamin@example.net,Excellent
504,Jennifer Herman,mwilson@example.com,Average
505,Phillip Vincent,mary03@example.com,Excellent
506,William Reynolds,ivalentine@example.net,Average
507,Todd Rivera,Unknown,Poor
508,Taylor Mcmahon,oguzman@example.org,Excellent
509,Patrick Diaz,nnewton@example.org,Good
510,James Simmons,Unknown,Excellent
511,Michael Vang,karenrosario@example.net,Good
512,Ashley Martinez,shayden@example.com,Average
513,Clifford Moon,daniel86@example.com,Poor
514,Frank Salinas,astrong@example.net,Poor
515,John Mendoza,jim55@example.org,Good
516,Michelle Hernandez,zparker@example.net,Average
517,Tammy Cervantes,richardjackson@example.org,Poor
518,Matthew Bailey,randalldavis@example.org,Average
519,Cynthia Davis,jose88@example.org,Good
520,Devin York,dana10@example.com,Good
521,Joseph Rodriguez,rwheeler@example.com,Excellent
522,Kevin Smith,holly40@example.org,Poor
523,Anna Harris,allison31@example.net,Poor
524,Jessica Jones,williamsjuan@example.org,Excellent
525,Christopher Cox,melissajohnson@example.org,Good
526,Brittany Johnson,ccummings@example.net,Good
527,Amy Jones,yolandagarcia@example.com,Good
528,Matthew Nelson,michael64@example.org,Good
529,Carla Burns,bakerbrittany@example.net,Average
530,Christopher Holland,pkane@example.net,Poor
531,Kevin Mahoney,annafuller@example.com,Poor
532,David Everett,taylortyler@example.net,Good
533,Matthew Knox,iwalker@example.com,Good
534,Brittney Doyle,leejustin@example.com,Good
535,Kathryn Smith,james34@example.net,Poor
536,Michelle Wilson,jerry40@example.org,Poor
537,Mrs. Stacy Cunningham,mary86@example.net,Good
538,Stephanie Harrington,shepardtiffany@example.net,Average
539,Courtney Schmitt,lnavarro@example.org,Excellent
540,Terry Schmidt,zunigaian@example.org,Excellent
541,Deborah Cohen,sfrancis@example.com,Excellent
542,Dr. Matthew Graham,tina22@example.net,Poor
543,David Strong,michelle16@example.net,Poor
544,Bradley Lynch,blake18@example.net,Excellent
545,William Bray,Unknown,Excellent
546,Dawn Morales,stephanie92@example.com,Average
547,Darlene Romero,ocrawford@example.org,Poor
548,Jeffery Patel,byrdchris@example.net,Poor
549,Donald Willis,dmyers@example.com,Excellent
550,Donna Steele,travis47@example.com,Average
551,Michael Bennett,Unknown,Average
552,Brittany Davis,kcurtis@example.com,Excellent
553,Jimmy Woods,Unknown,Excellent
554,Shannon Hardin,hbecker@example.net,Poor
555,Michael Tran,Unknown,Excellent
556,Rebecca King,zimmermanjustin@example.net,Good
557,Kevin Mendez,aprince@example.net,Average
558,Dennis Taylor,gregory92@example.org,Excellent
559,Robert Campbell,paul49@example.org,Good
560,Tonya Harris,carlpadilla@example.com,Average
561,Michael Thompson,davidjohnson@example.com,Good
562,Albert Mitchell,Unknown,Good
563,Kristopher Smith,brittanyparker@example.net,Excellent
564,Kyle Deleon,Unknown,Average
565,Alexa Bryant,andrew62@example.net,Good
566,Crystal Hawkins,pmartin@example.org,Poor
567,Jessica Mendoza,Unknown,Average
568,Gregory Ramirez,ashleydavila@example.com,Poor
569,Derrick Carlson,hkrueger@example.org,Excellent
570,Sarah Harper,Unknown,Poor
571,Peter Sanders,robertbowman@example.com,Average
572,Stacy Hernandez,tanya92@example.net,Good
573,Stephen Kennedy,serranodaniel@example.com,Good
574,Edward Owens,veronica87@example.net,Average
575,Rebecca Conrad,markhaley@example.net,Good
576,Paul Bell,kgonzalez@example.org,Poor
577,Douglas Tanner PhD,Unknown,Good
578,Christine Fletcher,ubowers@example.com,Good
579,Chase Anderson,conwayrobert@example.com,Poor
580,Alexis Cole,katherine24@example.org,Poor
581,Evan Nelson,bradwilliams@example.com,Poor
582,Bethany Brown,richardhunter@example.org,Excellent
583,Raymond Hardy,wbowers@example.net,Poor
584,Margaret Rowland,flynnbrian@example.org,Poor
585,Johnny Graves,Unknown,Excellent
586,Teresa Williams,znielsen@example.com,Good
587,Caroline Mccarthy,uwolf@example.net,Poor
588,Ronald Boone,martinezkimberly@example.org,Average
589,Caitlin Kirby,dmartinez@example.net,Poor
590,Thomas Davis,cathyperez@example.com,Poor
591,Heidi Acevedo,alexa27@example.com,Excellent
592,Christina Powell,kfry@example.com,Average
593,Anita Gutierrez,clarkjames@example.com,Good
594,Jennifer Flowers,lmadden@example.com,Good
595,Gloria Morales,jennifermoran@example.net,Average
596,Jennifer Young,jesserodriguez@example.com,Poor
597,Mark Martinez,Unknown,Excellent
598,Jillian Hunter,stacydavis@example.net,Average
599,Erin Hunter,ysilva@example.org,Average
600,Emma Morton,danielanderson@example.com,Good
601,Paul Cross,tgilbert@example.net,Excellent
602,Jason Pittman,wongwillie@example.com,Average
603,Anthony Hall,stuartmark@example.org,Excellent
604,Cory Hernandez,xdiaz@example.org,Poor
605,Marissa Oconnell,hayesluis@example.net,Good
606,Andrea Campbell,mfarrell@example.com,Poor
607,Brandy Wilson,veronicagray@example.org,Excellent
608,Daniel Banks,kennedyjames@example.org,Poor
609,Rhonda Torres,dawnpeterson@example.net,Good
610,Robert Campbell,katherinepage@example.net,Excellent
611,Casey Berg,Unknown,Average
612,Christopher Le,justin76@example.com,Poor
613,Lynn Carney,vchavez@example.com,Good
614,Jennifer Church,erinlewis@example.org,Average
615,Benjamin Middleton,ijones@example.org,Good
616,Bradley Dixon,lisakennedy@example.org,Excellent
617,Daniel Mcdowell,jodi49@example.org,Excellent
618,Jessica Park,laurenalexander@example.net,Poor
619,William Clark,stephanie15@example.org,Good
620,Danielle Friedman,emilystokes@example.net,Good
621,Joanna Sims,Unknown,Good
622,Teresa Perez,bjackson@example.org,Excellent
623,Rachel White,dthomas@example.org,Poor
624,Christopher Henderson,danielleflores@example.net,Good
625,Jessica Nelson MD,chandlerbruce@example.org,Good
626,Joseph Robinson,diane29@example.org,Average
627,Timothy Fitzgerald,turneralexander@example.com,Good
628,Sarah Juarez,tiffany61@example.org,Poor
629,Melissa Scott,james10@example.net,Average
630,Kenneth French,Unknown,Average
631,Troy Salinas,rnguyen@example.org,Average
632,John Frederick,ryanharris@example.com,Excellent
633,Collin Richardson,wwilcox@example.com,Average
634,Isaiah Smith,james29@example.com,Good
635,Scott Sanders,lauren94@example.org,Excellent
636,James Martinez,kpruitt@example.com,Excellent
637,Jason Morton,kellybranch@example.com,Excellent
638,Lauren Wilkins,jeffery82@example.net,Excellent
639,Joshua Rose,amandashields@example.com,Excellent
640,Marissa Valencia,gutierrezcameron@example.org,Excellent
641,Michele Henry,qallen@example.com,Excellent
642,Herbert Gomez,veronicaprice@example.org,Average
643,Angela Marshall,howellmargaret@example.com,Poor
644,Jason Mcknight,dominguezdenise@example.net,Good
645,Karen Oconnell,james60@example.org,Good
646,Dana Shannon,joshua23@example.org,Average
647,Kimberly Johnson,mthompson@example.com,Average
648,Jennifer Gonzalez,vreyes@example.net,Excellent
649,Tammy Moore,victorgibson@example.net,Poor
650,Maria Barnes,jwilliams@example.org,Excellent
651,Lindsey Wright,stephaniepatrick@example.com,Average
652,Diane Calderon,jacquelinewilkins@example.net,Excellent
653,Wendy Ferrell,caitlin78@example.net,Good
654,Robert Ponce,holdenhunter@example.com,Good
655,William Johnson,michaelacosta@example.com,Excellent
656,Bryan Bentley,randerson@example.com,Poor
657,Aaron Brewer,mfriedman@example.com,Excellent
658,Christine White,mbird@example.org,Excellent
659,Gabrielle Savage,steeletiffany@example.com,Poor
660,Lori Adams,marybush@example.com,Poor
661,Jackie Jones,eclayton@example.com,Poor
662,Jessica Parker,cwalters@example.org,Good
663,James Anderson,lprince@example.org,Excellent
664,Frank Cunningham,brucesmith@example.net,Average
665,Jeremy Stewart,pollardrebecca@example.com,Poor
666,Harold Hampton MD,daniel91@example.com,Poor
667,John Johnson,dcraig@example.org,Excellent
668,Alexander Shepherd,barnetttamara@example.org,Average
669,Kayla Smith,phillipmartinez@example.org,Excellent
670,Jordan Jenkins,karenbutler@example.net,Excellent
671,Theresa Ramsey,marshallnicholas@example.com,Poor
672,Amy Jennings,jose45@example.com,Poor
673,Gregory Santana,Unknown,Good
674,Samantha Davis,amandafrye@example.net,Average
675,Drew Hughes,gcontreras@example.org,Average
676,Dr. Jennifer Chase,zbyrd@example.org,Poor
677,Courtney Fletcher,qholmes@example.net,Poor
678,Nancy Morris,pwilkins@example.org,Poor
679,Richard Bell,ronaldmatthews@example.com,Average
680,Darren Grant,kruegercassandra@example.org,Good
681,Brian Smith,camachodavid@example.org,Average
682,Sierra Lindsey,jeremy73@example.net,Poor
683,Jennifer Daniels,tlarson@example.org,Poor
684,Melissa Henry,dennismcdonald@example.net,Good
685,Cindy Robinson,nicholasjackson@example.com,Excellent
686,Danielle Rangel,jonathanjohnson@example.org,Excellent
687,Adam Blevins,janthony@example.org,Average
688,Donna Phillips,angela94@example.net,Excellent
689,Paula Franco,samantharichardson@example.net,Excellent
690,Shawn King,madkins@example.org,Average
691,Tina Abbott,gilbertmadison@example.org,Poor
692,Megan Carpenter,joelfischer@example.org,Excellent
693,Cassandra Rush,nevans@example.net,Poor
694,Robert Russell,keithestrada@example.org,Average
695,Kathryn Faulkner,evelyn98@example.org,Poor
696,Jennifer Walsh,monroetrevor@example.net,Poor
697,Sherry Carson,samanthapowell@example.org,Average
698,Christine Evans,barbara97@example.com,Poor
699,Stephanie Johnson,george47@example.com,Excellent
700,Scott Vang,carolwright@example.net,Excellent
701,Vickie Nguyen,wfoster@example.net,Excellent
702,Julia Sparks,zlester@example.com,Excellent
703,Nicholas Murray,jenkinsmary@example.net,Poor
704,Michelle Barron,ktran@example.net,Excellent
705,Charles Fox,elizabeth68@example.com,Poor
706,Jared Cordova,larry26@example.com,Good
707,Courtney Lewis,austinpatel@example.net,Poor
708,Daisy Graves,brittany75@example.org,Excellent
709,Christopher Avila,oliviagarcia@example.org,Good
710,Gregory Ramirez,michealmurphy@example.com,Average
711,Paula James,fieldsedward@example.net,Poor
712,James Mann,whitecurtis@example.org,Excellent
713,Lisa Rice,ealexander@example.com,Excellent
714,Bridget Lewis,anthony21@example.net,Excellent
715,James Rogers,hmcgrath@example.com,Average
716,Damon Hansen,timothyevans@example.net,Good
717,Michelle Mcdonald,ryanwiggins@example.org,Good
718,Victoria Gutierrez,amywalker@example.com,Excellent
719,Mark Snyder,ghall@example.org,Poor
720,Rebecca Todd,mary17@example.net,Excellent
721,Amanda King,joshuacarr@example.com,Excellent
722,Colin Foley V,juannixon@example.org,Poor
723,Sarah Jones,fergusonstephen@example.org,Excellent
724,Chelsea Nunez,gtaylor@example.net,Average
725,Mary Estrada,hunterbrenda@example.org,Excellent
726,Carrie Jordan,jane39@example.org,Average
727,Edwin Wall,kendra73@example.org,Excellent
728,Jared Anderson,mariaparker@example.net,Good
729,Erica Robinson,perezsamuel@example.com,Poor
730,Trevor Chase,ralphwilliams@example.com,Good
731,Valerie Cortez,aaron82@example.com,Excellent
732,Christopher Gaines,Unknown,Excellent
733,Anthony Terry,hamiltonivan@example.net,Average
734,Mark Davis,angelicavelez@example.net,Excellent
735,Mary Gross,aguirrerobert@example.net,Excellent
736,Daniel Bender,powelljeremiah@example.net,Excellent
737,Philip Hughes,utucker@example.com,Good
738,Connie Vaughn,brownbrittney@example.com,Average
739,Lisa Fletcher,jennabrown@example.com,Good
740,Amber Harris,hashley@example.org,Average
741,Kristina Wong,coopersteven@example.net,Good
742,Matthew Brooks,geoffreycastro@example.org,Excellent
743,Alexis Arnold,jaime47@example.net,Good
744,Michael Arroyo,mario41@example.org,Good
745,Joy Davis MD,nelsonshelby@example.org,Average
746,Jasmine Jackson,william87@example.org,Average
747,Richard Lane,obailey@example.com,Good
748,Kyle Hall,mark65@example.com,Average
749,Steven Mcintosh,yklein@example.net,Average
750,Alexander Nixon,juan74@example.com,Average
751,Elizabeth Andrews,tylercandice@example.org,Poor
752,Katherine Watts,misty51@example.org,Average
753,Stephanie Pierce,Unknown,Poor
754,Susan Thomas,george35@example.org,Poor
755,Jessica Noble,bradley68@example.org,Average
756,Stephanie Harvey,mferguson@example.net,Good
757,Kim Hodges,xedwards@example.net,Average
758,Jeffrey Richmond,kathleenthompson@example.org,Excellent
759,Bobby Smith,chicks@example.com,Good
760,Tara Zimmerman,lisasanders@example.net,Poor
761,Keith Ware,tammy50@example.com,Poor
762,Courtney Martin,asmith@example.net,Good
763,James Lynch,twilson@example.org,Good
764,Michael Smith,thomasfoster@example.com,Average
765,James Ryan,lcarpenter@example.com,Poor
766,Jennifer Cross,brian17@example.net,Excellent
767,Michelle Arroyo,monica22@example.org,Average
768,Bradley Bradley,Unknown,Good
769,Thomas Barajas,tsmith@example.com,Poor
770,Sara Roberts,urobinson@example.net,Good
771,Alyssa Parsons,edward36@example.com,Good
772,Gabriel Vasquez,hsmith@example.org,Good
773,Lisa Perez,omiller@example.net,Average
774,Michelle Allison,madeline68@example.com,Excellent
775,Keith Juarez,james19@example.com,Excellent
776,Anthony Horton,vsmith@example.com,Poor
777,Melanie Dean,sjohnson@example.com,Good
778,David Middleton,fhernandez@example.org,Excellent
779,Angela Long,tammysmith@example.com,Good
780,David Scott,barbaramartinez@example.org,Poor
781,Sherri Parker,jacksonpaige@example.net,Good
782,Elizabeth Norris,Unknown,Excellent
783,Shawn Sampson,eric63@example.net,Good
784,Anthony Taylor,Unknown,Excellent
785,Joshua Johnson,mwright@example.org,Poor
786,Kenneth Parker,sullivanjamie@example.net,Good
787,Erica Gonzalez,jamesjones@example.net,Excellent
788,Shelley Vang,Unknown,Poor
789,Samuel Archer,jacksonsara@example.com,Good
790,Stephanie Frost,margaret44@example.net,Poor
791,Anthony Kerr,Unknown,Excellent
792,Julie Jacobs,Unknown,Good
793,Larry Jones,Unknown,Good
794,Seth Garrison,dbrown@example.org,Good
795,Mikayla Liu,justinfox@example.net,Poor
796,Mary Ramirez,david63@example.org,Poor
797,Jennifer Cooper,careykenneth@example.org,Excellent
798,Margaret Ruiz,jeffrey18@example.net,Average
799,Sarah Smith,kevinhart@example.com,Good
800,Amber Cox,showell@example.org,Good
801,Jonathan Garcia,wandagibbs@example.org,Excellent
802,Amy Gray,patricia16@example.org,Good
803,Tiffany Flynn,freemanlaurie@example.net,Poor
804,Brett Sawyer,Unknown,Poor
805,Annette Romero,brandonharrison@example.org,Good
806,Jasmine Reed,Unknown,Good
807,Crystal Houston,jenniferhaynes@example.net,Poor
808,Jessica Edwards,jdavis@example.net,Good
809,Heather Dillon,janeperez@example.net,Poor
810,Barbara Everett,williamsrobert@example.com,Average
811,Marcia Wolfe,bbryan@example.com,Average
812,Michael Cowan,jennifer99@example.com,Good
813,Brittany Jenkins,ayaladennis@example.org,Good
814,Brett Hernandez,patricia01@example.net,Good
815,Katherine Schwartz,ngonzalez@example.com,Poor
816,Gary Huffman,sherryharris@example.com,Average
817,Antonio Sanders,qgarcia@example.com,Average
818,Amy Hess,rmatthews@example.com,Excellent
819,Nicholas Stanley,juliemccann@example.org,Excellent
820,Christopher Miller,barrybenton@example.com,Good
821,Barry West,pjenkins@example.org,Poor
822,Lisa Coffey,briannaharris@example.org,Good
823,Johnathan Miller,matthewanderson@example.net,Average
824,Kelli Long,timothy04@example.com,Good
825,Jason Sanchez,Unknown,Good
826,Chad Lee,mathewsashley@example.com,Average
827,Heather Everett,Unknown,Average
828,Mr. Ryan Sanders,theresacarney@example.net,Average
829,Christopher Gordon,alexandriamyers@example.org,Average
830,Allen Lloyd,kaylapaul@example.net,Excellent
831,Scott Forbes,anthonydavis@example.org,Poor
832,Sandra Strickland,carterkimberly@example.net,Poor
833,Meghan Peters,jamesbrown@example.net,Average
834,Melanie Payne,Unknown,Poor
835,Mrs. Amanda Mcdaniel MD,prodgers@example.com,Poor
836,Megan Huynh,qanderson@example.com,Poor
837,Christopher Faulkner,christinetapia@example.org,Poor
838,Jennifer Patterson,mayosean@example.net,Average
839,Terri Holt,Unknown,Good
840,Vicki Hudson,lisa47@example.net,Good
841,Jerry Ray,jeremy66@example.com,Good
842,Shannon Martinez,ugill@example.net,Excellent
843,Melinda Johnson,angela13@example.net,Poor
844,Zachary Marshall,fhawkins@example.net,Average
845,Eric Perez,nicolehobbs@example.org,Average
846,Tanya Gutierrez,calvingrimes@example.net,Excellent
847,Lori Parker,jimenezdavid@example.org,Average
848,Megan Long,sheri14@example.com,Good
849,Misty Peterson,rmartinez@example.org,Excellent
850,Mary Johnson,johnhumphrey@example.org,Average
851,Jessica Mcdonald,nealderek@example.net,Excellent
852,Tricia Bailey,jgross@example.net,Excellent
853,Kaitlyn Young,brandon17@example.org,Average
854,Meredith Jones,kathrynjohnson@example.org,Good
855,Micheal Lane,jacob85@example.net,Average
856,Andrew Curry,garciabrandon@example.com,Poor
857,Brittany Kim,debbie90@example.org,Poor
858,Julie Martinez,amandacase@example.org,Average
859,Andrea Johnston,vreed@example.com,Good
860,Sarah Brown,jerryandrews@example.org,Poor
861,Tricia Sims,iberry@example.org,Poor
862,Tammy Wang,smithcheyenne@example.org,Average
863,Brandon Fleming,nicolemcdonald@example.net,Average
864,Morgan Perry,josephclark@example.net,Average
865,Michael Flynn,christopherlucas@example.net,Excellent
866,Stacy Willis,taylorcaroline@example.com,Excellent
867,Matthew Smith,vickilopez@example.org,Excellent
868,Stephanie Green,justinwright@example.net,Average
869,Douglas Parks,imiddleton@example.com,Good
870,Christina Lopez,kaylacruz@example.org,Poor
871,Brian Harris,edward95@example.com,Excellent
872,Chris Hart,ashleymatthew@example.com,Good
873,Christopher Gonzalez,kperkins@example.net,Average
874,Nicholas Williams MD,destiny61@example.net,Excellent
875,Susan Castillo,vwilson@example.org,Average
876,Tracey Alvarado,miawilliams@example.org,Good
877,Lawrence Shah,dcarey@example.com,Excellent
878,Andrew Fox,kristopherkelly@example.org,Excellent
879,Tammy Guerrero,christopher31@example.com,Excellent
880,Brenda Kim,bmorgan@example.com,Excellent
881,Ryan West,uknox@example.com,Good
882,Judith Watts,susan92@example.com,Excellent
883,Stephanie Waters,rcochran@example.org,Poor
884,Stephanie Craig,Unknown,Poor
885,Natalie Camacho,peggyfranklin@example.com,Average
886,Timothy Humphrey,vstark@example.com,Excellent
887,Brian Moore,jbruce@example.org,Poor
888,Jessica Ruiz,fletcheranna@example.com,Poor
889,Alicia Powers MD,bakerjustin@example.net,Poor
890,Felicia Black,sjackson@example.org,Good
891,Sean Miller,dmason@example.net,Excellent
892,James Hubbard,melissa96@example.com,Good
893,Caitlin Gomez,Unknown,Good
894,David Lara,richardreyes@example.net,Poor
895,Bruce Watts,neilgallegos@example.com,Poor
896,Scott Diaz,Unknown,Average
897,Tony Stewart,fcole@example.org,Excellent
898,Joseph Torres,mariahayes@example.net,Excellent
899,Cheryl Valenzuela,Unknown,Poor
900,Patrick Middleton,perezjoy@example.org,Poor
901,John Caldwell,ureynolds@example.org,Excellent
902,Paul Robbins,brent52@example.net,Average
903,James Tran,ndavis@example.com,Poor
904,Cynthia Lopez,qharris@example.org,Average
905,Catherine Miles,joshua52@example.org,Good
906,John Maxwell,hilllaura@example.net,Poor
907,Jason Williams,Unknown,Good
908,Frank Ramirez,lruiz@example.org,Poor
909,Christopher Lyons,ana85@example.org,Good
910,Paul Washington,james31@example.com,Poor
911,Deanna Robinson,jamespayne@example.net,Average
912,Rachel Andersen,rperez@example.org,Average
913,Phyllis Wade,warnerholly@example.com,Average
914,Robert Valencia,Unknown,Good
915,Rachael Watson,randall94@example.org,Average
916,Seth Massey,Unknown,Good
917,Julie Lopez,zrogers@example.com,Poor
918,Denise Beltran,xlogan@example.org,Good
919,Theresa Williams,sally85@example.com,Poor
920,Amy Rivas,andersonraymond@example.net,Excellent
921,Nicolas Spencer,brodriguez@example.org,Excellent
922,Holly Lee,shortjoshua@example.net,Excellent
923,Isabel Lewis,staylor@example.org,Good
924,John Lin,jennifer33@example.org,Excellent
925,Alicia Weeks,jessicahall@example.com,Excellent
926,Crystal Bush,calebrodriguez@example.net,Excellent
927,Jorge Lambert,courtneymcfarland@example.net,Poor
928,Patricia Harper,dparrish@example.org,Average
929,Amy Gutierrez,kristahill@example.org,Good
930,Richard Baker,mjones@example.com,Excellent
931,Robert Kelley,zthomas@example.net,Poor
932,Eric Leonard,omoreno@example.com,Average
933,Melissa Martin MD,hughesamy@example.com,Average
934,Mary Green,lisadavis@example.com,Average
935,Elizabeth Page,ericasanders@example.org,Poor
936,Brenda Mueller DVM,colemichele@example.com,Excellent
937,Jennifer Thornton,moyercameron@example.com,Average
938,Courtney Juarez,crussell@example.org,Poor
939,Nicole Benjamin,dlawson@example.com,Poor
940,Joel Clark,gabrielle95@example.org,Good
941,Michael King,csanchez@example.net,Poor
942,Julia Matthews,smack@example.org,Average
943,Victor Mcbride,hermanmark@example.com,Average
944,Tanya Watts,stevengarcia@example.net,Poor
945,Timothy Davis,richardmurphy@example.com,Average
946,Matthew Hawkins,mendozajustin@example.net,Poor
947,Rebecca Abbott,bwarner@example.org,Average
948,Marilyn Garcia,Unknown,Good
949,Stacey Ashley,barbara25@example.com,Excellent
950,Frances Green,bmcneil@example.com,Good
951,Emily Hahn,tiffanycox@example.net,Good
952,Kayla Green,christopher80@example.net,Excellent
953,Stephanie Long,joshuajohnson@example.net,Average
954,Kimberly Manning,allen19@example.com,Excellent
955,Theresa Ray,barronsharon@example.org,Poor
956,Charles Bennett,psandoval@example.org,Excellent
957,Melissa Lopez,oscar04@example.com,Good
958,Bruce Nguyen,moranjason@example.org,Excellent
959,John Nguyen,portega@example.com,Average
960,Donna Smith,gibbsvictoria@example.net,Good
961,Caleb Hubbard,ifrazier@example.com,Poor
962,Rebecca Cummings,alexanderoconnor@example.org,Average
963,Stephanie Mccann,Unknown,Good
964,Aimee Harrison,mcconnellanna@example.com,Poor
965,Mrs. Marie Mosley,brownchristopher@example.net,Average
966,Kyle Lindsey,Unknown,Poor
967,Kiara Thompson,williamsjohn@example.org,Excellent
968,Patricia Davenport,sharpmichael@example.com,Excellent
969,Brian Meza,randynewton@example.net,Poor
970,Sean Morales,colleen04@example.com,Excellent
971,Candice Coleman,vickie34@example.net,Poor
972,Michael Henderson,kayla73@example.org,Average
973,Blake Edwards,Unknown,Good
974,James Richardson,seansanders@example.org,Poor
975,Carla Wilson,lroberts@example.net,Good
976,Sandra Gutierrez MD,cbest@example.net,Good
977,Devin Phillips,halljoshua@example.org,Poor
978,Matthew Watkins,amber57@example.net,Excellent
979,Annette Avila,Unknown,Average
980,Katherine Schultz,robertsjames@example.net,Good
981,Tracy Roberts,keithroberts@example.com,Average
982,Christopher Harper,castromatthew@example.com,Good
983,Andrew Hall,tanyagriffith@example.org,Poor
984,Alexis Harding,sullivanerin@example.org,Excellent
985,Diane Wells,gabriel03@example.org,Average
986,Jennifer Brock,vshaw@example.org,Good
987,Angela Levine,kimberlyellis@example.com,Poor
988,Courtney Jones,Unknown,Poor
989,Vincent Walters,ashleylynn@example.org,Good
990,Andrew Rodriguez,greenbarry@example.com,Good
991,Matthew Massey,rschmidt@example.com,Good
992,Jessica Howell,david62@example.com,Excellent
993,Stephanie Griffith,manndavid@example.org,Good
994,Melinda Cannon,Unknown,Good
995,Marc Wilkins,williamsjacqueline@example.net,Excellent
996,Lauren Hines,robertmaxwell@example.com,Poor
997,Roy Garcia,johnsonangela@example.org,Good
998,Bruce Chung,lori61@example.org,Average
999,Leslie Carter,zreed@example.com,Poor
1000,Jonathan Richards PhD,chambersanthony@example.org,Average
